# Clean URL redirects for Render static hosting
# Generated: 2026-02-25T08:16:02.750Z
# NOTE: Render uses render.yaml for routing, not _redirects (that is Netlify)
# This file is kept for reference only

/background  /background.html  200!
/psychology  /psychology.html  200!
/difficulties  /difficulties.html  200!
/faq  /faq.html  200!
/articles  /articles.html  200!
/contact  /contact.html  200!
/difficulties/ptsd  /difficulties/ptsd.html  200!
/difficulties/anxiety-treatment  /difficulties/anxiety-treatment.html  200!
/faq/approach  /faq/approach.html  200!
/faq/howmuchtime  /faq/howmuchtime.html  200!
/faq/transferance  /faq/transferance.html  200!
/faq/clinical-transferance  /faq/clinical-transferance.html  200!
/faq/tired  /faq/tired.html  200!
/faq/meditation  /faq/meditation.html  200!
/articles/transience  /articles/transience.html  200!
/articles/transience-part2  /articles/transience-part2.html  200!
/articles/transience-part3  /articles/transience-part3.html  200!
/articles/psychoanalysis  /articles/psychoanalysis.html  200!
/articles/freud  /articles/freud.html  200!
/privacy  /privacy.html  200!
/accessibility  /accessibility.html  200!
/terms  /terms.html  200!

# Legal pages - redirect old .html URLs to friendly URLs
/privacy.html  /privacy  301
/accessibility.html  /accessibility  301
/terms.html  /terms  301

/  /index.html  200!

# SPA fallback - serve index.html for all unmatched routes
/*  /index.html  200
